{"_step":0,"full_val_loss_transition_indel":12.634554933618617,"full_val_loss_coding":0.08711985965223554,"_wandb":{"runtime":13},"full_val_loss_transition_start_stop":NaN,"_runtime":13.129059,"_timestamp":1.761837790860127e+09,"full_val_loss_non-coding":8.726775045748111,"full_val_loss_transition_start":0.8364393410997258,"full_val_loss_coding_with_substitutions":0.2593549865369613,"full_val_loss":1.0187311989289742,"full_val_loss_transition_stop":9.383555127514732}