{"full_val_loss_transition_stop":9.383555127514732,"full_val_loss_coding_with_substitutions":0.2593549865369613,"full_val_loss":1.0187311989289742,"full_val_loss_non-coding":8.726775045748111,"_wandb":{"runtime":15},"_runtime":15.203626,"_step":0,"full_val_loss_transition_start_stop":NaN,"full_val_loss_transition_start":0.8364393410997258,"full_val_loss_transition_indel":12.634554933618617,"full_val_loss_coding":0.08711985965223554,"_timestamp":1.761837760392591e+09}