{"val_fraction_high_accuracy_sequences":0.8484450284713096,"val_fraction_high_accuracy_transition_start":0.47619047619047616,"val_loss_non-coding":0.7357351399958134,"val_loss_transition_indel":18.477416398790147,"val_accuracy_coding":0.976,"esm2_cumulative_change":0.00010656267702438463,"_runtime":2941.247081,"val_fraction_perfect_non-coding":0.9876543209876543,"val_mcc_transition_stop":0.541695428104159,"val_loss_coding_with_substitutions":1.0231665570702817,"val_fraction_high_accuracy_coding":0.976,"val_fraction_high_accuracy_transition_indel":0.2835820895522388,"best_val_loss":3.113601883252462,"val_loss_transition_stop":8.90650900999705,"val_accuracy_transition_indel":0.6698326549072817,"val_loss_transition_start":7.014413854810926,"val_mcc_coding_with_substitutions":0.8975261841387446,"val_fraction_perfect_transition_start":0.14285714285714285,"train_loss":3.314700002670288,"val_accuracy_transition_stop":0.6744209774512804,"val_loss_transition_start_stop":15.900102101431953,"val_loss":3.113601883252462,"val_fraction_high_accuracy_coding_with_substitutions":0.9259259259259259,"epoch":20,"val_accuracy_non-coding":0.9882856341189674,"_wandb":{"runtime":2957},"val_loss_coding":0.8896267766339911,"val_fraction_high_accuracy_transition_stop":0.2828282828282828,"val_fraction_high_accuracy_non-coding":0.9876543209876543,"val_accuracy_transition_start":0.8187590187590188,"validations_since_unfreeze":15,"val_fraction_high_accuracy_transition_start_stop":0.20652173913043478,"val_mcc_transition_start":0.7486582610268405,"val_mcc_transition_indel":0.5807920031098371,"val_accuracy_transition_start_stop":0.687637241985068,"_step":44,"val_fraction_perfect_transition_indel":0.014925373134328358,"val_fraction_perfect_coding":0.976,"val_mcc_coding":0.964425648289824,"_timestamp":1.764329583984042e+09,"val_fraction_perfect_sequences":0.797634691195795,"val_accuracy_coding_with_substitutions":0.9270950243172466,"val_fraction_perfect_transition_stop":0.020202020202020204,"val_fraction_perfect_coding_with_substitutions":0.9259259259259259,"val_accuracy":0.9238198896543182,"val_mcc_transition_start_stop":0.5942900797998432,"val_overall_mcc":0.8648224575233999}